"date","location","location_type","location_code","location_code_type","lat","long","cases_new","deaths_new","recovered_new","deaths","cases","cumulative_death","cumulative_cases","cases_07","cases_14","deaths_07","deaths_14"
2020-01-22,"Bangladesh","country","BD","iso_3166_2",23.685,90.3563,0,0,0,0,0,0,0,0,0,0,0
2020-01-23,"Bangladesh","country","BD","iso_3166_2",23.685,90.3563,0,0,0,0,0,0,0,0,0,0,0
2020-01-24,"Bangladesh","country","BD","iso_3166_2",23.685,90.3563,0,0,0,0,0,0,0,0,0,0,0
2020-01-25,"Bangladesh","country","BD","iso_3166_2",23.685,90.3563,0,0,0,0,0,0,0,0,0,0,0
2020-01-26,"Bangladesh","country","BD","iso_3166_2",23.685,90.3563,0,0,0,0,0,0,0,0,0,0,0
2020-01-27,"Bangladesh","country","BD","iso_3166_2",23.685,90.3563,0,0,0,0,0,0,0,0,0,0,0
2020-01-28,"Bangladesh","country","BD","iso_3166_2",23.685,90.3563,0,0,0,0,0,0,0,0,0,0,0
2020-01-29,"Bangladesh","country","BD","iso_3166_2",23.685,90.3563,0,0,0,0,0,0,0,0,0,0,0
2020-01-30,"Bangladesh","country","BD","iso_3166_2",23.685,90.3563,0,0,0,0,0,0,0,0,0,0,0
2020-01-31,"Bangladesh","country","BD","iso_3166_2",23.685,90.3563,0,0,0,0,0,0,0,0,0,0,0
2020-02-01,"Bangladesh","country","BD","iso_3166_2",23.685,90.3563,0,0,0,0,0,0,0,0,0,0,0
2020-02-02,"Bangladesh","country","BD","iso_3166_2",23.685,90.3563,0,0,0,0,0,0,0,0,0,0,0
2020-02-03,"Bangladesh","country","BD","iso_3166_2",23.685,90.3563,0,0,0,0,0,0,0,0,0,0,0
2020-02-04,"Bangladesh","country","BD","iso_3166_2",23.685,90.3563,0,0,0,0,0,0,0,0,0,0,0
2020-02-05,"Bangladesh","country","BD","iso_3166_2",23.685,90.3563,0,0,0,0,0,0,0,0,0,0,0
2020-02-06,"Bangladesh","country","BD","iso_3166_2",23.685,90.3563,0,0,0,0,0,0,0,0,0,0,0
2020-02-07,"Bangladesh","country","BD","iso_3166_2",23.685,90.3563,0,0,0,0,0,0,0,0,0,0,0
2020-02-08,"Bangladesh","country","BD","iso_3166_2",23.685,90.3563,0,0,0,0,0,0,0,0,0,0,0
2020-02-09,"Bangladesh","country","BD","iso_3166_2",23.685,90.3563,0,0,0,0,0,0,0,0,0,0,0
2020-02-10,"Bangladesh","country","BD","iso_3166_2",23.685,90.3563,0,0,0,0,0,0,0,0,0,0,0
2020-02-11,"Bangladesh","country","BD","iso_3166_2",23.685,90.3563,0,0,0,0,0,0,0,0,0,0,0
2020-02-12,"Bangladesh","country","BD","iso_3166_2",23.685,90.3563,0,0,0,0,0,0,0,0,0,0,0
2020-02-13,"Bangladesh","country","BD","iso_3166_2",23.685,90.3563,0,0,0,0,0,0,0,0,0,0,0
2020-02-14,"Bangladesh","country","BD","iso_3166_2",23.685,90.3563,0,0,0,0,0,0,0,0,0,0,0
2020-02-15,"Bangladesh","country","BD","iso_3166_2",23.685,90.3563,0,0,0,0,0,0,0,0,0,0,0
2020-02-16,"Bangladesh","country","BD","iso_3166_2",23.685,90.3563,0,0,0,0,0,0,0,0,0,0,0
2020-02-17,"Bangladesh","country","BD","iso_3166_2",23.685,90.3563,0,0,0,0,0,0,0,0,0,0,0
2020-02-18,"Bangladesh","country","BD","iso_3166_2",23.685,90.3563,0,0,0,0,0,0,0,0,0,0,0
2020-02-19,"Bangladesh","country","BD","iso_3166_2",23.685,90.3563,0,0,0,0,0,0,0,0,0,0,0
2020-02-20,"Bangladesh","country","BD","iso_3166_2",23.685,90.3563,0,0,0,0,0,0,0,0,0,0,0
2020-02-21,"Bangladesh","country","BD","iso_3166_2",23.685,90.3563,0,0,0,0,0,0,0,0,0,0,0
2020-02-22,"Bangladesh","country","BD","iso_3166_2",23.685,90.3563,0,0,0,0,0,0,0,0,0,0,0
2020-02-23,"Bangladesh","country","BD","iso_3166_2",23.685,90.3563,0,0,0,0,0,0,0,0,0,0,0
2020-02-24,"Bangladesh","country","BD","iso_3166_2",23.685,90.3563,0,0,0,0,0,0,0,0,0,0,0
2020-02-25,"Bangladesh","country","BD","iso_3166_2",23.685,90.3563,0,0,0,0,0,0,0,0,0,0,0
2020-02-26,"Bangladesh","country","BD","iso_3166_2",23.685,90.3563,0,0,0,0,0,0,0,0,0,0,0
2020-02-27,"Bangladesh","country","BD","iso_3166_2",23.685,90.3563,0,0,0,0,0,0,0,0,0,0,0
2020-02-28,"Bangladesh","country","BD","iso_3166_2",23.685,90.3563,0,0,0,0,0,0,0,0,0,0,0
2020-02-29,"Bangladesh","country","BD","iso_3166_2",23.685,90.3563,0,0,0,0,0,0,0,0,0,0,0
2020-03-01,"Bangladesh","country","BD","iso_3166_2",23.685,90.3563,0,0,0,0,0,0,0,0,0,0,0
2020-03-02,"Bangladesh","country","BD","iso_3166_2",23.685,90.3563,0,0,0,0,0,0,0,0,0,0,0
2020-03-03,"Bangladesh","country","BD","iso_3166_2",23.685,90.3563,0,0,0,0,0,0,0,0,0,0,0
2020-03-04,"Bangladesh","country","BD","iso_3166_2",23.685,90.3563,0,0,0,0,0,0,0,0,0,0,0
2020-03-05,"Bangladesh","country","BD","iso_3166_2",23.685,90.3563,0,0,0,0,0,0,0,0,0,0,0
2020-03-06,"Bangladesh","country","BD","iso_3166_2",23.685,90.3563,0,0,0,0,0,0,0,0,0,0,0
2020-03-07,"Bangladesh","country","BD","iso_3166_2",23.685,90.3563,0,0,0,0,0,0,0,0,0,0,0
2020-03-08,"Bangladesh","country","BD","iso_3166_2",23.685,90.3563,3,0,0,0,3,0,3,0,0,0,0
2020-03-09,"Bangladesh","country","BD","iso_3166_2",23.685,90.3563,0,0,0,0,0,0,3,0,0,0,0
2020-03-10,"Bangladesh","country","BD","iso_3166_2",23.685,90.3563,0,0,0,0,0,0,3,0,0,0,0
2020-03-11,"Bangladesh","country","BD","iso_3166_2",23.685,90.3563,0,0,0,0,0,0,3,0,0,0,0
2020-03-12,"Bangladesh","country","BD","iso_3166_2",23.685,90.3563,0,0,0,0,0,0,3,0,0,0,0
2020-03-13,"Bangladesh","country","BD","iso_3166_2",23.685,90.3563,0,0,0,0,0,0,3,0,0,0,0
2020-03-14,"Bangladesh","country","BD","iso_3166_2",23.685,90.3563,0,0,0,0,0,0,3,0,0,0,0
2020-03-15,"Bangladesh","country","BD","iso_3166_2",23.685,90.3563,2,0,0,0,2,0,5,0,0,0,0
2020-03-16,"Bangladesh","country","BD","iso_3166_2",23.685,90.3563,3,0,2,0,3,0,8,0,0,0,0
2020-03-17,"Bangladesh","country","BD","iso_3166_2",23.685,90.3563,2,0,1,0,2,0,10,1,0,0,0
2020-03-18,"Bangladesh","country","BD","iso_3166_2",23.685,90.3563,4,1,0,1,4,1,14,1,1,0,0
2020-03-19,"Bangladesh","country","BD","iso_3166_2",23.685,90.3563,3,0,0,0,3,1,17,2,1,0,0
2020-03-20,"Bangladesh","country","BD","iso_3166_2",23.685,90.3563,3,0,0,0,3,1,20,2,1,0,0
2020-03-21,"Bangladesh","country","BD","iso_3166_2",23.685,90.3563,5,1,0,1,5,2,25,3,1,0,0
2020-03-22,"Bangladesh","country","BD","iso_3166_2",23.685,90.3563,2,0,0,0,2,2,27,3,1,0,0
2020-03-23,"Bangladesh","country","BD","iso_3166_2",23.685,90.3563,6,1,0,1,6,3,33,3,2,0,0
2020-03-24,"Bangladesh","country","BD","iso_3166_2",23.685,90.3563,6,1,2,1,6,4,39,4,2,0,0
2020-03-25,"Bangladesh","country","BD","iso_3166_2",23.685,90.3563,0,1,2,1,0,5,39,3,2,0,0
2020-03-26,"Bangladesh","country","BD","iso_3166_2",23.685,90.3563,5,0,4,0,5,5,44,3,2,0,0
2020-03-27,"Bangladesh","country","BD","iso_3166_2",23.685,90.3563,4,0,0,0,4,5,48,4,3,0,0
2020-03-28,"Bangladesh","country","BD","iso_3166_2",23.685,90.3563,0,0,4,0,0,5,48,3,3,0,0
2020-03-29,"Bangladesh","country","BD","iso_3166_2",23.685,90.3563,0,0,0,0,0,5,48,3,3,0,0
2020-03-30,"Bangladesh","country","BD","iso_3166_2",23.685,90.3563,1,0,4,0,1,5,49,2,2,0,0
2020-03-31,"Bangladesh","country","BD","iso_3166_2",23.685,90.3563,2,0,6,0,2,5,51,1,2,0,0
2020-04-01,"Bangladesh","country","BD","iso_3166_2",23.685,90.3563,3,1,0,1,3,6,54,2,2,0,0
2020-04-02,"Bangladesh","country","BD","iso_3166_2",23.685,90.3563,2,0,0,0,2,6,56,1,2,0,0
2020-04-03,"Bangladesh","country","BD","iso_3166_2",23.685,90.3563,5,0,1,0,5,6,61,1,2,0,0
2020-04-04,"Bangladesh","country","BD","iso_3166_2",23.685,90.3563,9,2,4,2,9,8,70,3,3,0,0
2020-04-05,"Bangladesh","country","BD","iso_3166_2",23.685,90.3563,18,1,3,1,18,9,88,5,4,0,0
2020-04-06,"Bangladesh","country","BD","iso_3166_2",23.685,90.3563,35,3,0,3,35,12,123,10,6,1,0
2020-04-07,"Bangladesh","country","BD","iso_3166_2",23.685,90.3563,41,5,0,5,41,17,164,16,8,1,0
2020-04-08,"Bangladesh","country","BD","iso_3166_2",23.685,90.3563,54,3,0,3,54,20,218,23,12,2,1
2020-04-09,"Bangladesh","country","BD","iso_3166_2",23.685,90.3563,112,1,0,1,112,21,330,39,20,2,1
2020-04-10,"Bangladesh","country","BD","iso_3166_2",23.685,90.3563,94,6,0,6,94,27,424,51,26,3,1
2020-04-11,"Bangladesh","country","BD","iso_3166_2",23.685,90.3563,58,3,3,3,58,30,482,58,31,3,1
2020-04-12,"Bangladesh","country","BD","iso_3166_2",23.685,90.3563,139,4,3,4,139,34,621,76,40,3,2
2020-04-13,"Bangladesh","country","BD","iso_3166_2",23.685,90.3563,182,5,3,5,182,39,803,97,53,3,2
2020-04-14,"Bangladesh","country","BD","iso_3166_2",23.685,90.3563,209,7,0,7,209,46,1012,121,68,4,2
2020-04-15,"Bangladesh","country","BD","iso_3166_2",23.685,90.3563,219,4,7,4,219,50,1231,144,84,4,3
2020-04-16,"Bangladesh","country","BD","iso_3166_2",23.685,90.3563,341,10,0,10,341,60,1572,177,108,5,3
2020-04-17,"Bangladesh","country","BD","iso_3166_2",23.685,90.3563,266,15,9,15,266,75,1838,202,126,6,4
2020-04-18,"Bangladesh","country","BD","iso_3166_2",23.685,90.3563,306,9,8,9,306,84,2144,237,148,7,5
2020-04-19,"Bangladesh","country","BD","iso_3166_2",23.685,90.3563,312,7,9,7,312,91,2456,262,169,8,5
2020-04-20,"Bangladesh","country","BD","iso_3166_2",23.685,90.3563,492,10,10,10,492,101,2948,306,201,8,6
2020-04-21,"Bangladesh","country","BD","iso_3166_2",23.685,90.3563,434,9,2,9,434,110,3382,338,229,9,6
2020-04-22,"Bangladesh","country","BD","iso_3166_2",23.685,90.3563,390,10,5,10,390,120,3772,363,253,10,7
2020-04-23,"Bangladesh","country","BD","iso_3166_2",23.685,90.3563,414,7,16,7,414,127,4186,373,275,9,7
2020-04-24,"Bangladesh","country","BD","iso_3166_2",23.685,90.3563,503,4,4,4,503,131,4689,407,304,8,7
2020-04-25,"Bangladesh","country","BD","iso_3166_2",23.685,90.3563,309,9,1,9,309,140,4998,407,322,8,7
2020-04-26,"Bangladesh","country","BD","iso_3166_2",23.685,90.3563,418,5,9,5,418,145,5416,422,342,7,7
2020-04-27,"Bangladesh","country","BD","iso_3166_2",23.685,90.3563,497,7,9,7,497,152,5913,423,365,7,8
2020-04-28,"Bangladesh","country","BD","iso_3166_2",23.685,90.3563,549,3,8,3,549,155,6462,440,389,6,7
2020-04-29,"Bangladesh","country","BD","iso_3166_2",23.685,90.3563,641,8,11,8,641,163,7103,475,419,6,8
2020-04-30,"Bangladesh","country","BD","iso_3166_2",23.685,90.3563,564,5,10,5,564,168,7667,497,435,5,7
2020-05-01,"Bangladesh","country","BD","iso_3166_2",23.685,90.3563,571,2,14,2,571,170,8238,507,457,5,6
2020-05-02,"Bangladesh","country","BD","iso_3166_2",23.685,90.3563,552,5,3,5,552,175,8790,541,474,5,6
2020-05-03,"Bangladesh","country","BD","iso_3166_2",23.685,90.3563,665,2,886,2,665,177,9455,577,499,4,6
2020-05-04,"Bangladesh","country","BD","iso_3166_2",23.685,90.3563,688,5,146,5,688,182,10143,604,513,4,5
2020-05-05,"Bangladesh","country","BD","iso_3166_2",23.685,90.3563,786,1,194,1,786,183,10929,638,539,4,5
2020-05-06,"Bangladesh","country","BD","iso_3166_2",23.685,90.3563,790,3,0,3,790,186,11719,659,567,3,4
2020-05-07,"Bangladesh","country","BD","iso_3166_2",23.685,90.3563,706,13,507,13,706,199,12425,679,588,4,5
2020-05-08,"Bangladesh","country","BD","iso_3166_2",23.685,90.3563,709,7,191,7,709,206,13134,699,603,5,5
2020-05-09,"Bangladesh","country","BD","iso_3166_2",23.685,90.3563,636,8,313,8,636,214,13770,711,626,5,5
2020-05-10,"Bangladesh","country","BD","iso_3166_2",23.685,90.3563,887,14,236,14,887,228,14657,743,660,7,5
2020-05-11,"Bangladesh","country","BD","iso_3166_2",23.685,90.3563,1034,11,252,11,1034,239,15691,792,698,8,6
2020-05-12,"Bangladesh","country","BD","iso_3166_2",23.685,90.3563,969,11,245,11,969,250,16660,818,728,9,6
2020-05-13,"Bangladesh","country","BD","iso_3166_2",23.685,90.3563,1162,19,214,19,1162,269,17822,871,765,11,7
2020-05-14,"Bangladesh","country","BD","iso_3166_2",23.685,90.3563,1041,14,0,14,1041,283,18863,919,799,12,8
2020-05-15,"Bangladesh","country","BD","iso_3166_2",23.685,90.3563,1202,15,521,15,1202,298,20065,990,844,13,9
2020-05-16,"Bangladesh","country","BD","iso_3166_2",23.685,90.3563,930,16,235,16,930,314,20995,1032,871,14,9
2020-05-17,"Bangladesh","country","BD","iso_3166_2",23.685,90.3563,1273,14,256,14,1273,328,22268,1087,915,14,10
2020-05-18,"Bangladesh","country","BD","iso_3166_2",23.685,90.3563,1602,21,212,21,1602,349,23870,1168,980,15,11
2020-05-19,"Bangladesh","country","BD","iso_3166_2",23.685,90.3563,1251,21,408,21,1251,370,25121,1208,1013,17,13
2020-05-20,"Bangladesh","country","BD","iso_3166_2",23.685,90.3563,1617,16,214,16,1617,386,26738,1273,1072,16,14
2020-05-21,"Bangladesh","country","BD","iso_3166_2",23.685,90.3563,1773,22,395,22,1773,408,28511,1378,1149,17,14
2020-05-22,"Bangladesh","country","BD","iso_3166_2",23.685,90.3563,1694,24,588,24,1694,432,30205,1448,1219,19,16
2020-05-23,"Bangladesh","country","BD","iso_3166_2",23.685,90.3563,1873,20,296,20,1873,452,32078,1583,1307,19,17
2020-05-24,"Bangladesh","country","BD","iso_3166_2",23.685,90.3563,1532,28,415,28,1532,480,33610,1620,1353,21,18
2020-05-25,"Bangladesh","country","BD","iso_3166_2",23.685,90.3563,1975,21,433,21,1975,501,35585,1673,1421,21,18
2020-05-26,"Bangladesh","country","BD","iso_3166_2",23.685,90.3563,1166,21,245,21,1166,522,36751,1661,1435,21,19
2020-05-27,"Bangladesh","country","BD","iso_3166_2",23.685,90.3563,1541,22,346,22,1541,544,38292,1650,1462,22,19
2020-05-28,"Bangladesh","country","BD","iso_3166_2",23.685,90.3563,2029,15,500,15,2029,559,40321,1687,1532,21,19
2020-05-29,"Bangladesh","country","BD","iso_3166_2",23.685,90.3563,2523,23,590,23,2523,582,42844,1805,1627,21,20
2020-05-30,"Bangladesh","country","BD","iso_3166_2",23.685,90.3563,1764,28,360,28,1764,610,44608,1790,1686,22,21
2020-05-31,"Bangladesh","country","BD","iso_3166_2",23.685,90.3563,2545,40,406,40,2545,650,47153,1934,1777,24,23
2020-06-01,"Bangladesh","country","BD","iso_3166_2",23.685,90.3563,2381,22,816,22,2381,672,49534,1992,1833,24,23
2020-06-02,"Bangladesh","country","BD","iso_3166_2",23.685,90.3563,2911,37,523,37,2911,709,52445,2242,1951,26,24
2020-06-03,"Bangladesh","country","BD","iso_3166_2",23.685,90.3563,2695,37,470,37,2695,746,55140,2406,2028,28,25
2020-06-04,"Bangladesh","country","BD","iso_3166_2",23.685,90.3563,2423,35,571,35,2423,781,57563,2463,2075,31,26
2020-06-05,"Bangladesh","country","BD","iso_3166_2",23.685,90.3563,2828,30,643,30,2828,811,60391,2506,2156,32,27
2020-06-06,"Bangladesh","country","BD","iso_3166_2",23.685,90.3563,2635,35,521,35,2635,846,63026,2631,2210,33,28
2020-06-07,"Bangladesh","country","BD","iso_3166_2",23.685,90.3563,2743,42,578,42,2743,888,65769,2659,2297,34,29
2020-06-08,"Bangladesh","country","BD","iso_3166_2",23.685,90.3563,2735,42,657,42,2735,930,68504,2710,2351,36,30
2020-06-09,"Bangladesh","country","BD","iso_3166_2",23.685,90.3563,3171,45,777,45,3171,975,71675,2747,2494,38,32
2020-06-10,"Bangladesh","country","BD","iso_3166_2",23.685,90.3563,3190,37,563,37,3190,1012,74865,2817,2612,38,33
2020-06-11,"Bangladesh","country","BD","iso_3166_2",23.685,90.3563,3187,37,847,37,3187,1049,78052,2927,2695,38,35
2020-06-12,"Bangladesh","country","BD","iso_3166_2",23.685,90.3563,3471,46,502,46,3471,1095,81523,3018,2762,40,36
2020-06-13,"Bangladesh","country","BD","iso_3166_2",23.685,90.3563,2856,44,579,44,2856,1139,84379,3050,2840,41,37
2020-06-14,"Bangladesh","country","BD","iso_3166_2",23.685,90.3563,3141,32,902,32,3141,1171,87520,3107,2883,40,37
2020-06-15,"Bangladesh","country","BD","iso_3166_2",23.685,90.3563,3099,38,1,38,3099,1209,90619,3159,2934,39,38
2020-06-16,"Bangladesh","country","BD","iso_3166_2",23.685,90.3563,3862,53,17533,53,3862,1262,94481,3258,3002,41,39
2020-06-17,"Bangladesh","country","BD","iso_3166_2",23.685,90.3563,4008,43,1925,43,4008,1305,98489,3374,3096,41,39
2020-06-18,"Bangladesh","country","BD","iso_3166_2",23.685,90.3563,3803,38,1975,38,3803,1343,102292,3462,3194,42,40
2020-06-19,"Bangladesh","country","BD","iso_3166_2",23.685,90.3563,3243,45,2781,45,3243,1388,105535,3430,3224,41,41
2020-06-20,"Bangladesh","country","BD","iso_3166_2",23.685,90.3563,3240,37,1048,37,3240,1425,108775,3485,3267,40,41
2020-06-21,"Bangladesh","country","BD","iso_3166_2",23.685,90.3563,3531,39,1084,39,3531,1464,112306,3540,3324,41,41
2020-06-22,"Bangladesh","country","BD","iso_3166_2",23.685,90.3563,3480,38,1678,38,3480,1502,115786,3595,3377,41,40
2020-06-23,"Bangladesh","country","BD","iso_3166_2",23.685,90.3563,3412,43,880,43,3412,1545,119198,3531,3394,40,40
2020-06-24,"Bangladesh","country","BD","iso_3166_2",23.685,90.3563,3462,37,2031,37,3462,1582,122660,3453,3413,39,40
2020-06-25,"Bangladesh","country","BD","iso_3166_2",23.685,90.3563,3946,39,1829,39,3946,1621,126606,3473,3468,39,40
2020-06-26,"Bangladesh","country","BD","iso_3166_2",23.685,90.3563,3868,40,1638,40,3868,1661,130474,3562,3496,39,40
2020-06-27,"Bangladesh","country","BD","iso_3166_2",23.685,90.3563,3504,34,1185,34,3504,1695,133978,3600,3542,38,39
2020-06-28,"Bangladesh","country","BD","iso_3166_2",23.685,90.3563,3809,43,1409,43,3809,1738,137787,3640,3590,39,40
2020-06-29,"Bangladesh","country","BD","iso_3166_2",23.685,90.3563,4014,45,2053,45,4014,1783,141801,3716,3655,40,41
2020-06-30,"Bangladesh","country","BD","iso_3166_2",23.685,90.3563,3682,64,1844,64,3682,1847,145483,3755,3643,43,41
2020-07-01,"Bangladesh","country","BD","iso_3166_2",23.685,90.3563,3775,41,2484,41,3775,1888,149258,3799,3626,43,41
2020-07-02,"Bangladesh","country","BD","iso_3166_2",23.685,90.3563,4019,38,4334,38,4019,1926,153277,3810,3641,43,41
2020-07-03,"Bangladesh","country","BD","iso_3166_2",23.685,90.3563,3114,42,1606,42,3114,1968,156391,3702,3632,43,41
2020-07-04,"Bangladesh","country","BD","iso_3166_2",23.685,90.3563,3288,29,2673,29,3288,1997,159679,3671,3636,43,40
2020-07-05,"Bangladesh","country","BD","iso_3166_2",23.685,90.3563,2738,55,1904,55,2738,2052,162417,3518,3579,44,42
2020-07-06,"Bangladesh","country","BD","iso_3166_2",23.685,90.3563,3201,44,3524,44,3201,2096,165618,3402,3559,44,42
2020-07-07,"Bangladesh","country","BD","iso_3166_2",23.685,90.3563,3027,55,1953,55,3027,2151,168645,3308,3531,43,43
2020-07-08,"Bangladesh","country","BD","iso_3166_2",23.685,90.3563,3489,46,2736,46,3489,2197,172134,3268,3533,44,43
2020-07-09,"Bangladesh","country","BD","iso_3166_2",23.685,90.3563,3360,41,3706,41,3360,2238,175494,3173,3492,44,44
2020-07-10,"Bangladesh","country","BD","iso_3166_2",23.685,90.3563,2949,37,1862,37,2949,2275,178443,3150,3426,43,43
2020-07-11,"Bangladesh","country","BD","iso_3166_2",23.685,90.3563,2686,30,1628,30,2686,2305,181129,3064,3367,44,43
2020-07-12,"Bangladesh","country","BD","iso_3166_2",23.685,90.3563,2666,47,5580,47,2666,2352,183795,3054,3286,42,43
2020-07-13,"Bangladesh","country","BD","iso_3166_2",23.685,90.3563,3099,39,4703,39,3099,2391,186894,3039,3220,42,43
2020-07-14,"Bangladesh","country","BD","iso_3166_2",23.685,90.3563,3163,33,4910,33,3163,2424,190057,3058,3183,39,41
2020-07-15,"Bangladesh","country","BD","iso_3166_2",23.685,90.3563,3533,33,2296,33,3533,2457,193590,3065,3166,37,40
2020-07-16,"Bangladesh","country","BD","iso_3166_2",23.685,90.3563,2733,39,1440,39,2733,2496,196323,2975,3074,36,40
2020-07-17,"Bangladesh","country","BD","iso_3166_2",23.685,90.3563,3034,51,1762,51,3034,2547,199357,2987,3069,38,41
2020-07-18,"Bangladesh","country","BD","iso_3166_2",23.685,90.3563,2709,34,1373,34,2709,2581,202066,2991,3027,39,41
2020-07-19,"Bangladesh","country","BD","iso_3166_2",23.685,90.3563,2459,37,1544,37,2459,2618,204525,2961,3007,38,40
2020-07-20,"Bangladesh","country","BD","iso_3166_2",23.685,90.3563,2928,50,1914,50,2928,2668,207453,2937,2988,39,40
2020-07-21,"Bangladesh","country","BD","iso_3166_2",23.685,90.3563,3057,41,1841,41,3057,2709,210510,2921,2990,40,39
2020-07-22,"Bangladesh","country","BD","iso_3166_2",23.685,90.3563,2744,42,1805,42,2744,2751,213254,2809,2937,42,39
2020-07-23,"Bangladesh","country","BD","iso_3166_2",23.685,90.3563,2856,50,2006,50,2856,2801,216110,2826,2901,43,40
2020-07-24,"Bangladesh","country","BD","iso_3166_2",23.685,90.3563,2548,35,1768,35,2548,2836,218658,2757,2872,41,40
2020-07-25,"Bangladesh","country","BD","iso_3166_2",23.685,90.3563,2520,38,1114,38,2520,2874,221178,2730,2860,41,40
2020-07-26,"Bangladesh","country","BD","iso_3166_2",23.685,90.3563,2275,54,1792,54,2275,2928,223453,2704,2832,44,41
2020-07-27,"Bangladesh","country","BD","iso_3166_2",23.685,90.3563,2772,37,1801,37,2772,2965,226225,2681,2809,42,41
2020-07-28,"Bangladesh","country","BD","iso_3166_2",23.685,90.3563,2960,35,1731,35,2960,3000,229185,2667,2794,41,41
2020-07-29,"Bangladesh","country","BD","iso_3166_2",23.685,90.3563,3009,35,2878,35,3009,3035,232194,2705,2757,40,41
2020-07-30,"Bangladesh","country","BD","iso_3166_2",23.685,90.3563,2695,48,2668,48,2695,3083,234889,2682,2754,40,41
2020-07-31,"Bangladesh","country","BD","iso_3166_2",23.685,90.3563,2772,28,2176,28,2772,3111,237661,2714,2736,39,40
2020-08-01,"Bangladesh","country","BD","iso_3166_2",23.685,90.3563,2199,21,1117,21,2199,3132,239860,2668,2699,36,39
2020-08-02,"Bangladesh","country","BD","iso_3166_2",23.685,90.3563,886,22,586,22,886,3154,240746,2470,2587,32,38
2020-08-03,"Bangladesh","country","BD","iso_3166_2",23.685,90.3563,1356,30,1066,30,1356,3184,242102,2268,2474,31,36
2020-08-04,"Bangladesh","country","BD","iso_3166_2",23.685,90.3563,1918,50,1955,50,1918,3234,244020,2119,2393,33,37
2020-08-05,"Bangladesh","country","BD","iso_3166_2",23.685,90.3563,2654,33,1890,33,2654,3267,246674,2068,2387,33,36
2020-08-06,"Bangladesh","country","BD","iso_3166_2",23.685,90.3563,2977,39,2074,39,2977,3306,249651,2108,2395,31,36
2020-08-07,"Bangladesh","country","BD","iso_3166_2",23.685,90.3563,2851,27,1760,27,2851,3333,252502,2120,2417,31,35
2020-08-08,"Bangladesh","country","BD","iso_3166_2",23.685,90.3563,2611,32,1020,32,2611,3365,255113,2179,2423,33,35
2020-08-09,"Bangladesh","country","BD","iso_3166_2",23.685,90.3563,2487,34,1766,34,2487,3399,257600,2407,2439,35,33
2020-08-10,"Bangladesh","country","BD","iso_3166_2",23.685,90.3563,2907,39,2067,39,2907,3438,260507,2629,2448,36,33
2020-08-11,"Bangladesh","country","BD","iso_3166_2",23.685,90.3563,2996,33,1535,33,2996,3471,263503,2783,2451,33,33
2020-08-12,"Bangladesh","country","BD","iso_3166_2",23.685,90.3563,2995,42,1117,42,2995,3513,266498,2832,2450,35,34
2020-08-13,"Bangladesh","country","BD","iso_3166_2",23.685,90.3563,2617,44,1782,44,2617,3557,269115,2780,2444,35,33
2020-08-14,"Bangladesh","country","BD","iso_3166_2",23.685,90.3563,2766,34,1752,34,2766,3591,271881,2768,2444,36,34
2020-08-15,"Bangladesh","country","BD","iso_3166_2",23.685,90.3563,2644,34,1012,34,2644,3625,274525,2773,2476,37,35
2020-08-16,"Bangladesh","country","BD","iso_3166_2",23.685,90.3563,2024,32,1315,32,2024,3657,276549,2707,2557,36,35
2020-08-17,"Bangladesh","country","BD","iso_3166_2",23.685,90.3563,2595,37,1641,37,2595,3694,279144,2662,2645,36,36
2020-08-18,"Bangladesh","country","BD","iso_3166_2",23.685,90.3563,3200,46,2234,46,3200,3740,282344,2691,2737,38,36
2020-08-19,"Bangladesh","country","BD","iso_3166_2",23.685,90.3563,2747,41,2913,41,2747,3781,285091,2656,2744,38,36
2020-08-20,"Bangladesh","country","BD","iso_3166_2",23.685,90.3563,2868,41,3253,41,2868,3822,287959,2692,2736,37,36
2020-08-21,"Bangladesh","country","BD","iso_3166_2",23.685,90.3563,2401,39,3624,39,2401,3861,290360,2639,2704,38,37
2020-08-22,"Bangladesh","country","BD","iso_3166_2",23.685,90.3563,2265,46,2952,46,2265,3907,292625,2585,2679,40,38
2020-08-23,"Bangladesh","country","BD","iso_3166_2",23.685,90.3563,1973,34,3524,34,1973,3941,294598,2578,2642,40,38
2020-08-24,"Bangladesh","country","BD","iso_3166_2",23.685,90.3563,2485,42,3784,42,2485,3983,297083,2562,2612,41,38
2020-08-25,"Bangladesh","country","BD","iso_3166_2",23.685,90.3563,2545,45,3881,45,2545,4028,299628,2469,2580,41,39
2020-08-26,"Bangladesh","country","BD","iso_3166_2",23.685,90.3563,2519,54,3427,54,2519,4082,302147,2436,2546,43,40
2020-08-27,"Bangladesh","country","BD","iso_3166_2",23.685,90.3563,2436,45,3275,45,2436,4127,304583,2374,2533,43,40
2020-08-28,"Bangladesh","country","BD","iso_3166_2",23.685,90.3563,2211,47,3378,47,2211,4174,306794,2347,2493,44,41
2020-08-29,"Bangladesh","country","BD","iso_3166_2",23.685,90.3563,2131,32,2027,32,2131,4206,308925,2328,2457,42,41
2020-08-30,"Bangladesh","country","BD","iso_3166_2",23.685,90.3563,1897,42,3044,42,1897,4248,310822,2317,2448,43,42
2020-08-31,"Bangladesh","country","BD","iso_3166_2",23.685,90.3563,2174,33,2980,33,2174,4281,312996,2273,2418,42,41
2020-09-01,"Bangladesh","country","BD","iso_3166_2",23.685,90.3563,1950,35,3290,35,1950,4316,314946,2188,2328,41,41
2020-09-02,"Bangladesh","country","BD","iso_3166_2",23.685,90.3563,2582,35,2839,35,2582,4351,317528,2197,2316,38,40
2020-09-03,"Bangladesh","country","BD","iso_3166_2",23.685,90.3563,2158,32,2964,32,2158,4383,319686,2157,2266,36,40
2020-09-04,"Bangladesh","country","BD","iso_3166_2",23.685,90.3563,1929,29,2211,29,1929,4412,321615,2117,2232,34,39
2020-09-05,"Bangladesh","country","BD","iso_3166_2",23.685,90.3563,1950,35,1661,35,1950,4447,323565,2091,2210,34,38
2020-09-06,"Bangladesh","country","BD","iso_3166_2",23.685,90.3563,1592,32,3423,32,1592,4479,325157,2047,2182,33,38
2020-09-07,"Bangladesh","country","BD","iso_3166_2",23.685,90.3563,2202,37,3298,37,2202,4516,327359,2051,2162,33,38
2020-09-08,"Bangladesh","country","BD","iso_3166_2",23.685,90.3563,1892,36,3236,36,1892,4552,329251,2043,2115,33,37
2020-09-09,"Bangladesh","country","BD","iso_3166_2",23.685,90.3563,1827,41,2995,41,1827,4593,331078,1935,2066,34,36
2020-09-10,"Bangladesh","country","BD","iso_3166_2",23.685,90.3563,1892,41,2746,41,1892,4634,332970,1897,2027,35,36
2020-09-11,"Bangladesh","country","BD","iso_3166_2",23.685,90.3563,1792,34,2474,34,1792,4668,334762,1878,1997,36,35
2020-09-12,"Bangladesh","country","BD","iso_3166_2",23.685,90.3563,1282,34,2247,34,1282,4702,336044,1782,1937,36,35
2020-09-13,"Bangladesh","country","BD","iso_3166_2",23.685,90.3563,1476,31,2372,31,1476,4733,337520,1766,1907,36,34
2020-09-14,"Bangladesh","country","BD","iso_3166_2",23.685,90.3563,1812,26,2512,26,1812,4759,339332,1710,1881,34,34
2020-09-15,"Bangladesh","country","BD","iso_3166_2",23.685,90.3563,1724,43,2439,43,1724,4802,341056,1686,1865,35,34
2020-09-16,"Bangladesh","country","BD","iso_3166_2",23.685,90.3563,1615,21,2375,21,1615,4823,342671,1656,1795,32,33
2020-09-17,"Bangladesh","country","BD","iso_3166_2",23.685,90.3563,1593,36,2443,36,1593,4859,344264,1613,1755,32,34
2020-09-18,"Bangladesh","country","BD","iso_3166_2",23.685,90.3563,1541,22,1923,22,1541,4881,345805,1577,1727,30,33
2020-09-19,"Bangladesh","country","BD","iso_3166_2",23.685,90.3563,1567,32,2051,32,1567,4913,347372,1618,1700,30,33
2020-09-20,"Bangladesh","country","BD","iso_3166_2",23.685,90.3563,1546,26,2179,26,1546,4939,348918,1628,1697,29,32
2020-09-21,"Bangladesh","country","BD","iso_3166_2",23.685,90.3563,1703,40,2152,40,1703,4979,350621,1612,1661,31,33
2020-09-22,"Bangladesh","country","BD","iso_3166_2",23.685,90.3563,1557,28,2073,28,1557,5007,352178,1588,1637,29,32
2020-09-23,"Bangladesh","country","BD","iso_3166_2",23.685,90.3563,1666,37,2163,37,1666,5044,353844,1596,1626,31,32
2020-09-24,"Bangladesh","country","BD","iso_3166_2",23.685,90.3563,1540,28,2139,28,1540,5072,355384,1588,1601,30,31
2020-09-25,"Bangladesh","country","BD","iso_3166_2",23.685,90.3563,1383,21,1932,21,1383,5093,356767,1566,1571,30,30
2020-09-26,"Bangladesh","country","BD","iso_3166_2",23.685,90.3563,1106,36,1753,36,1106,5129,357873,1500,1559,30,30
2020-09-27,"Bangladesh","country","BD","iso_3166_2",23.685,90.3563,1275,32,1714,32,1275,5161,359148,1461,1544,31,30
2020-09-28,"Bangladesh","country","BD","iso_3166_2",23.685,90.3563,1407,32,1582,32,1407,5193,360555,1419,1515,30,31
2020-09-29,"Bangladesh","country","BD","iso_3166_2",23.685,90.3563,1488,26,1625,26,1488,5219,362043,1409,1499,30,29
2020-09-30,"Bangladesh","country","BD","iso_3166_2",23.685,90.3563,1436,32,1789,32,1436,5251,363479,1376,1486,29,30
2020-10-01,"Bangladesh","country","BD","iso_3166_2",23.685,90.3563,1508,21,1591,21,1508,5272,364987,1371,1480,28,29
2020-10-02,"Bangladesh","country","BD","iso_3166_2",23.685,90.3563,1396,33,1549,33,1396,5305,366383,1373,1469,30,30
2020-10-03,"Bangladesh","country","BD","iso_3166_2",23.685,90.3563,1182,20,1442,20,1182,5325,367565,1384,1442,28,29
2020-10-04,"Bangladesh","country","BD","iso_3166_2",23.685,90.3563,1125,23,1587,23,1125,5348,368690,1363,1412,26,29
2020-10-05,"Bangladesh","country","BD","iso_3166_2",23.685,90.3563,1442,27,1526,27,1442,5375,370132,1368,1393,26,28
2020-10-06,"Bangladesh","country","BD","iso_3166_2",23.685,90.3563,1499,30,1651,30,1499,5405,371631,1369,1389,26,28
2020-10-07,"Bangladesh","country","BD","iso_3166_2",23.685,90.3563,1520,35,1798,35,1520,5440,373151,1381,1379,27,28
2020-10-08,"Bangladesh","country","BD","iso_3166_2",23.685,90.3563,1441,20,1685,20,1441,5460,374592,1372,1372,26,27
2020-10-09,"Bangladesh","country","BD","iso_3166_2",23.685,90.3563,1278,17,1596,17,1278,5477,375870,1355,1364,24,27
2020-10-10,"Bangladesh","country","BD","iso_3166_2",23.685,90.3563,1203,23,1453,23,1203,5500,377073,1358,1371,25,26
2020-10-11,"Bangladesh","country","BD","iso_3166_2",23.685,90.3563,1193,24,1495,24,1193,5524,378266,1368,1365,25,25
2020-10-12,"Bangladesh","country","BD","iso_3166_2",23.685,90.3563,1472,31,1531,31,1472,5555,379738,1372,1370,25,25
2020-10-13,"Bangladesh","country","BD","iso_3166_2",23.685,90.3563,1537,22,1482,22,1537,5577,381275,1377,1373,24,25
2020-10-14,"Bangladesh","country","BD","iso_3166_2",23.685,90.3563,1684,16,1576,16,1684,5593,382959,1401,1391,21,24
2020-10-15,"Bangladesh","country","BD","iso_3166_2",23.685,90.3563,1600,15,1780,15,1600,5608,384559,1423,1398,21,24
2020-10-16,"Bangladesh","country","BD","iso_3166_2",23.685,90.3563,1527,15,1509,15,1527,5623,386086,1459,1407,20,22
2020-10-17,"Bangladesh","country","BD","iso_3166_2",23.685,90.3563,1209,23,1560,23,1209,5646,387295,1460,1409,20,22
2020-10-18,"Bangladesh","country","BD","iso_3166_2",23.685,90.3563,1274,14,1674,14,1274,5660,388569,1471,1419,19,22
2020-10-19,"Bangladesh","country","BD","iso_3166_2",23.685,90.3563,1637,21,1627,21,1637,5681,390206,1495,1433,18,21
2020-10-20,"Bangladesh","country","BD","iso_3166_2",23.685,90.3563,1380,18,1542,18,1380,5699,391586,1473,1425,17,21
2020-10-21,"Bangladesh","country","BD","iso_3166_2",23.685,90.3563,1545,24,1704,24,1545,5723,393131,1453,1427,18,20
2020-10-22,"Bangladesh","country","BD","iso_3166_2",23.685,90.3563,1696,24,1687,24,1696,5747,394827,1466,1445,19,20
2020-10-23,"Bangladesh","country","BD","iso_3166_2",23.685,90.3563,1586,14,1533,14,1586,5761,396413,1475,1467,19,20
2020-10-24,"Bangladesh","country","BD","iso_3166_2",23.685,90.3563,1094,19,1498,19,1094,5780,397507,1458,1459,19,20
2020-10-25,"Bangladesh","country","BD","iso_3166_2",23.685,90.3563,1308,23,1544,23,1308,5803,398815,1463,1467,20,19
2020-10-26,"Bangladesh","country","BD","iso_3166_2",23.685,90.3563,1436,15,1493,15,1436,5818,400251,1435,1465,19,18
2020-10-27,"Bangladesh","country","BD","iso_3166_2",23.685,90.3563,1335,20,1523,20,1335,5838,401586,1428,1450,19,18
2020-10-28,"Bangladesh","country","BD","iso_3166_2",23.685,90.3563,1493,23,1610,23,1493,5861,403079,1421,1437,19,19
2020-10-29,"Bangladesh","country","BD","iso_3166_2",23.685,90.3563,1681,25,1548,25,1681,5886,404760,1419,1442,19,19
2020-10-30,"Bangladesh","country","BD","iso_3166_2",23.685,90.3563,1604,19,1422,19,1604,5905,406364,1421,1448,20,20
2020-10-31,"Bangladesh","country","BD","iso_3166_2",23.685,90.3563,1320,18,1442,18,1320,5923,407684,1453,1456,20,19
2020-11-01,"Bangladesh","country","BD","iso_3166_2",23.685,90.3563,1568,18,1795,18,1568,5941,409252,1491,1477,19,20
2020-11-02,"Bangladesh","country","BD","iso_3166_2",23.685,90.3563,1736,25,1961,25,1736,5966,410988,1533,1484,21,20
2020-11-03,"Bangladesh","country","BD","iso_3166_2",23.685,90.3563,1659,17,1886,17,1659,5983,412647,1580,1504,20,20
2020-11-04,"Bangladesh","country","BD","iso_3166_2",23.685,90.3563,1517,21,1910,21,1517,6004,414164,1583,1502,20,20
2020-11-05,"Bangladesh","country","BD","iso_3166_2",23.685,90.3563,1842,17,1891,17,1842,6021,416006,1606,1512,19,19
2020-11-06,"Bangladesh","country","BD","iso_3166_2",23.685,90.3563,1469,15,1439,15,1469,6036,417475,1587,1504,18,19
2020-11-07,"Bangladesh","country","BD","iso_3166_2",23.685,90.3563,1289,13,1541,13,1289,6049,418764,1582,1518,18,19
2020-11-08,"Bangladesh","country","BD","iso_3166_2",23.685,90.3563,1474,18,1577,18,1474,6067,420238,1569,1530,18,18
2020-11-09,"Bangladesh","country","BD","iso_3166_2",23.685,90.3563,1683,25,1623,25,1683,6092,421921,1561,1547,18,19
2020-11-10,"Bangladesh","country","BD","iso_3166_2",23.685,90.3563,1699,16,1648,16,1699,6108,423620,1567,1573,17,19
2020-11-11,"Bangladesh","country","BD","iso_3166_2",23.685,90.3563,1733,19,1715,19,1733,6127,425353,1598,1591,17,19
2020-11-12,"Bangladesh","country","BD","iso_3166_2",23.685,90.3563,1845,13,1737,13,1845,6140,427198,1598,1602,17,18
2020-11-13,"Bangladesh","country","BD","iso_3166_2",23.685,90.3563,1767,19,1519,19,1767,6159,428965,1641,1614,17,18
2020-11-14,"Bangladesh","country","BD","iso_3166_2",23.685,90.3563,1531,14,1462,14,1531,6173,430496,1676,1629,17,17
2020-11-15,"Bangladesh","country","BD","iso_3166_2",23.685,90.3563,1837,21,1693,21,1837,6194,432333,1727,1648,18,18
2020-11-16,"Bangladesh","country","BD","iso_3166_2",23.685,90.3563,2139,21,1604,21,2139,6215,434472,1793,1677,17,17
2020-11-17,"Bangladesh","country","BD","iso_3166_2",23.685,90.3563,2212,39,1749,39,2212,6254,436684,1866,1716,20,19
2020-11-18,"Bangladesh","country","BD","iso_3166_2",23.685,90.3563,2111,21,1893,21,2111,6275,438795,1920,1759,21,19
2020-11-19,"Bangladesh","country","BD","iso_3166_2",23.685,90.3563,2364,30,1934,30,2364,6305,441159,1994,1796,23,20
2020-11-20,"Bangladesh","country","BD","iso_3166_2",23.685,90.3563,2275,17,1709,17,2275,6322,443434,2067,1854,23,20
2020-11-21,"Bangladesh","country","BD","iso_3166_2",23.685,90.3563,1847,28,1921,28,1847,6350,445281,2112,1894,25,21
2020-11-22,"Bangladesh","country","BD","iso_3166_2",23.685,90.3563,2060,38,2076,38,2060,6388,447341,2144,1935,27,22
2020-11-23,"Bangladesh","country","BD","iso_3166_2",23.685,90.3563,2419,28,2183,28,2419,6416,449760,2184,1988,28,23
2020-11-24,"Bangladesh","country","BD","iso_3166_2",23.685,90.3563,2230,32,2266,32,2230,6448,451990,2186,2026,27,24
2020-11-25,"Bangladesh","country","BD","iso_3166_2",23.685,90.3563,2156,39,2302,39,2156,6487,454146,2193,2056,30,25
2020-11-26,"Bangladesh","country","BD","iso_3166_2",23.685,90.3563,2292,37,2274,37,2292,6524,456438,2182,2088,31,27
2020-11-27,"Bangladesh","country","BD","iso_3166_2",23.685,90.3563,2273,20,2223,20,2273,6544,458711,2182,2124,31,27
2020-11-28,"Bangladesh","country","BD","iso_3166_2",23.685,90.3563,1908,36,2209,36,1908,6580,460619,2191,2151,32,29
2020-11-29,"Bangladesh","country","BD","iso_3166_2",23.685,90.3563,1788,29,2287,29,1788,6609,462407,2152,2148,31,29
2020-11-30,"Bangladesh","country","BD","iso_3166_2",23.685,90.3563,2525,35,2539,35,2525,6644,464932,2167,2175,32,30
2020-12-01,"Bangladesh","country","BD","iso_3166_2",23.685,90.3563,2293,31,2513,31,2293,6675,467225,2176,2181,32,30
2020-12-02,"Bangladesh","country","BD","iso_3166_2",23.685,90.3563,2198,38,2562,38,2198,6713,469423,2182,2187,32,31
2020-12-03,"Bangladesh","country","BD","iso_3166_2",23.685,90.3563,2316,35,2593,35,2316,6748,471739,2185,2184,32,31
2020-12-04,"Bangladesh","country","BD","iso_3166_2",23.685,90.3563,2252,24,2572,24,2252,6772,473991,2182,2182,32,32
2020-12-05,"Bangladesh","country","BD","iso_3166_2",23.685,90.3563,1798,35,2457,35,1798,6807,475789,2167,2179,32,32
2020-12-06,"Bangladesh","country","BD","iso_3166_2",23.685,90.3563,1756,31,2552,31,1756,6838,477545,2162,2157,32,32
2020-12-07,"Bangladesh","country","BD","iso_3166_2",23.685,90.3563,2198,36,2663,36,2198,6874,479743,2115,2141,32,32
2020-12-08,"Bangladesh","country","BD","iso_3166_2",23.685,90.3563,2202,32,2571,32,2202,6906,481945,2102,2139,33,32
2020-12-09,"Bangladesh","country","BD","iso_3166_2",23.685,90.3563,2159,24,4772,24,2159,6930,484104,2097,2139,31,31
2020-12-10,"Bangladesh","country","BD","iso_3166_2",23.685,90.3563,1861,37,4486,37,1861,6967,485965,2032,2109,31,31
2020-12-11,"Bangladesh","country","BD","iso_3166_2",23.685,90.3563,1884,19,3866,19,1884,6986,487849,1979,2081,30,31
2020-12-12,"Bangladesh","country","BD","iso_3166_2",23.685,90.3563,1329,34,3185,34,1329,7020,489178,1912,2039,30,31
2020-12-13,"Bangladesh","country","BD","iso_3166_2",23.685,90.3563,1355,32,3393,32,1355,7052,490533,1855,2009,30,31
2020-12-14,"Bangladesh","country","BD","iso_3166_2",23.685,90.3563,1799,37,2949,37,1799,7089,492332,1798,1957,30,31
2020-12-15,"Bangladesh","country","BD","iso_3166_2",23.685,90.3563,1877,40,2884,40,1877,7129,494209,1752,1927,31,32
2020-12-16,"Bangladesh","country","BD","iso_3166_2",23.685,90.3563,1632,27,2622,27,1632,7156,495841,1676,1887,32,31
2020-12-17,"Bangladesh","country","BD","iso_3166_2",23.685,90.3563,1134,36,2239,36,1134,7192,496975,1572,1802,32,31
2020-12-18,"Bangladesh","country","BD","iso_3166_2",23.685,90.3563,1318,25,2024,25,1318,7217,498293,1492,1735,33,31
2020-12-19,"Bangladesh","country","BD","iso_3166_2",23.685,90.3563,1267,25,1987,25,1267,7242,499560,1483,1697,31,31
2020-12-20,"Bangladesh","country","BD","iso_3166_2",23.685,90.3563,1153,38,1926,38,1153,7280,500713,1454,1654,32,31
2020-12-21,"Bangladesh","country","BD","iso_3166_2",23.685,90.3563,1470,32,2167,32,1470,7312,502183,1407,1602,31,31
2020-12-22,"Bangladesh","country","BD","iso_3166_2",23.685,90.3563,1318,17,2235,17,1318,7329,503501,1327,1539,28,30
2020-12-23,"Bangladesh","country","BD","iso_3166_2",23.685,90.3563,1367,30,2416,30,1367,7359,504868,1289,1483,29,30
2020-12-24,"Bangladesh","country","BD","iso_3166_2",23.685,90.3563,1234,19,2345,19,1234,7378,506102,1303,1438,26,29
2020-12-25,"Bangladesh","country","BD","iso_3166_2",23.685,90.3563,1163,20,2113,20,1163,7398,507265,1281,1386,25,29
2020-12-26,"Bangladesh","country","BD","iso_3166_2",23.685,90.3563,834,30,1685,30,834,7428,508099,1219,1351,26,29
2020-12-27,"Bangladesh","country","BD","iso_3166_2",23.685,90.3563,1049,24,1473,24,1049,7452,509148,1205,1329,24,28
2020-12-28,"Bangladesh","country","BD","iso_3166_2",23.685,90.3563,932,27,1357,27,932,7479,510080,1128,1267,23,27
2020-12-29,"Bangladesh","country","BD","iso_3166_2",23.685,90.3563,1181,30,1245,30,1181,7509,511261,1108,1218,25,27
2020-12-30,"Bangladesh","country","BD","iso_3166_2",23.685,90.3563,1235,22,1507,22,1235,7531,512496,1089,1189,24,26
2020-12-31,"Bangladesh","country","BD","iso_3166_2",23.685,90.3563,1014,28,1389,28,1014,7559,513510,1058,1181,25,26
2021-01-01,"Bangladesh","country","BD","iso_3166_2",23.685,90.3563,990,17,1197,17,990,7576,514500,1033,1157,25,25
2021-01-02,"Bangladesh","country","BD","iso_3166_2",23.685,90.3563,684,23,964,23,684,7599,515184,1012,1116,24,25
2021-01-03,"Bangladesh","country","BD","iso_3166_2",23.685,90.3563,835,27,978,27,835,7626,516019,981,1093,24,24
2021-01-04,"Bangladesh","country","BD","iso_3166_2",23.685,90.3563,910,24,917,24,910,7650,516929,978,1053,24,24
2021-01-05,"Bangladesh","country","BD","iso_3166_2",23.685,90.3563,991,20,944,20,991,7670,517920,951,1029,23,24
2021-01-06,"Bangladesh","country","BD","iso_3166_2",23.685,90.3563,978,17,1021,17,978,7687,518898,914,1002,22,23
2021-01-07,"Bangladesh","country","BD","iso_3166_2",23.685,90.3563,1007,31,966,31,1007,7718,519905,913,985,22,24
2021-01-08,"Bangladesh","country","BD","iso_3166_2",23.685,90.3563,785,16,833,16,785,7734,520690,884,958,22,24
2021-01-09,"Bangladesh","country","BD","iso_3166_2",23.685,90.3563,692,22,785,22,692,7756,521382,885,948,22,23
2021-01-10,"Bangladesh","country","BD","iso_3166_2",23.685,90.3563,1071,25,737,25,1071,7781,522453,919,950,22,23
2021-01-11,"Bangladesh","country","BD","iso_3166_2",23.685,90.3563,849,22,917,22,849,7803,523302,910,944,21,23
2021-01-12,"Bangladesh","country","BD","iso_3166_2",23.685,90.3563,718,16,963,16,718,7819,524020,871,911,21,22
2021-01-13,"Bangladesh","country","BD","iso_3166_2",23.685,90.3563,890,14,841,14,890,7833,524910,858,886,20,21
2021-01-14,"Bangladesh","country","BD","iso_3166_2",23.685,90.3563,813,16,883,16,813,7849,525723,831,872,18,20
2021-01-15,"Bangladesh","country","BD","iso_3166_2",23.685,90.3563,762,13,718,13,762,7862,526485,827,856,18,20
2021-01-16,"Bangladesh","country","BD","iso_3166_2",23.685,90.3563,578,21,633,21,578,7883,527063,811,848,18,20
2021-01-17,"Bangladesh","country","BD","iso_3166_2",23.685,90.3563,569,23,681,23,569,7906,527632,739,829,17,20
2021-01-18,"Bangladesh","country","BD","iso_3166_2",23.685,90.3563,697,16,736,16,697,7922,528329,718,814,17,19
2021-01-19,"Bangladesh","country","BD","iso_3166_2",23.685,90.3563,702,20,682,20,702,7942,529031,715,793,17,19
2021-01-20,"Bangladesh","country","BD","iso_3166_2",23.685,90.3563,656,8,617,8,656,7950,529687,682,770,16,18
2021-01-21,"Bangladesh","country","BD","iso_3166_2",23.685,90.3563,584,16,602,16,584,7966,530271,649,740,16,17
2021-01-22,"Bangladesh","country","BD","iso_3166_2",23.685,90.3563,619,15,487,15,619,7981,530890,629,728,17,17
2021-01-23,"Bangladesh","country","BD","iso_3166_2",23.685,90.3563,436,22,338,22,436,8003,531326,609,710,17,17
2021-01-24,"Bangladesh","country","BD","iso_3166_2",23.685,90.3563,473,20,514,20,473,8023,531799,595,667,16,17
2021-01-25,"Bangladesh","country","BD","iso_3166_2",23.685,90.3563,602,18,566,18,602,8041,532401,581,649,17,17
2021-01-26,"Bangladesh","country","BD","iso_3166_2",23.685,90.3563,515,14,447,14,515,8055,532916,555,635,16,16
2021-01-27,"Bangladesh","country","BD","iso_3166_2",23.685,90.3563,528,17,509,17,528,8072,533444,536,609,17,17
2021-01-28,"Bangladesh","country","BD","iso_3166_2",23.685,90.3563,509,15,611,15,509,8087,533953,526,587,17,17
2021-01-29,"Bangladesh","country","BD","iso_3166_2",23.685,90.3563,454,7,414,7,454,8094,534407,502,565,16,16
2021-01-30,"Bangladesh","country","BD","iso_3166_2",23.685,90.3563,363,17,337,17,363,8111,534770,492,550,15,16
2021-01-31,"Bangladesh","country","BD","iso_3166_2",23.685,90.3563,369,16,447,16,369,8127,535139,477,536,14,15
2021-02-01,"Bangladesh","country","BD","iso_3166_2",23.685,90.3563,443,10,472,10,443,8137,535582,454,518,13,15
2021-02-02,"Bangladesh","country","BD","iso_3166_2",23.685,90.3563,525,12,512,12,525,8149,536107,455,505,13,14
2021-02-03,"Bangladesh","country","BD","iso_3166_2",23.685,90.3563,438,13,578,13,438,8162,536545,443,489,12,15
2021-02-04,"Bangladesh","country","BD","iso_3166_2",23.685,90.3563,485,13,611,13,485,8175,537030,439,482,12,14
2021-02-05,"Bangladesh","country","BD","iso_3166_2",23.685,90.3563,435,7,507,7,435,8182,537465,436,469,12,14
2021-02-06,"Bangladesh","country","BD","iso_3166_2",23.685,90.3563,305,8,417,8,305,8190,537770,428,460,11,13
2021-02-07,"Bangladesh","country","BD","iso_3166_2",23.685,90.3563,292,15,531,15,292,8205,538062,417,447,11,13
2021-02-08,"Bangladesh","country","BD","iso_3166_2",23.685,90.3563,316,16,559,16,316,8221,538378,399,426,12,12
2021-02-09,"Bangladesh","country","BD","iso_3166_2",23.685,90.3563,387,8,642,8,387,8229,538765,379,417,11,12
2021-02-10,"Bangladesh","country","BD","iso_3166_2",23.685,90.3563,388,10,717,10,388,8239,539153,372,407,11,11
2021-02-11,"Bangladesh","country","BD","iso_3166_2",23.685,90.3563,378,9,681,9,378,8248,539531,357,398,10,11
2021-02-12,"Bangladesh","country","BD","iso_3166_2",23.685,90.3563,444,5,422,5,444,8253,539975,358,397,10,11
2021-02-13,"Bangladesh","country","BD","iso_3166_2",23.685,90.3563,291,13,374,13,291,8266,540266,356,392,10,11
2021-02-14,"Bangladesh","country","BD","iso_3166_2",23.685,90.3563,326,8,462,8,326,8274,540592,361,389,9,10
2021-02-15,"Bangladesh","country","BD","iso_3166_2",23.685,90.3563,446,11,641,11,446,8285,541038,380,389,9,10
2021-02-16,"Bangladesh","country","BD","iso_3166_2",23.685,90.3563,396,13,751,13,396,8298,541434,381,380,9,10
2021-02-17,"Bangladesh","country","BD","iso_3166_2",23.685,90.3563,443,16,633,16,443,8314,541877,389,380,10,10
2021-02-18,"Bangladesh","country","BD","iso_3166_2",23.685,90.3563,391,15,678,15,391,8329,542268,391,374,11,11
2021-02-19,"Bangladesh","country","BD","iso_3166_2",23.685,90.3563,406,8,536,8,406,8337,542674,385,372,12,11
2021-02-20,"Bangladesh","country","BD","iso_3166_2",23.685,90.3563,350,5,424,5,350,8342,543024,394,375,10,10
2021-02-21,"Bangladesh","country","BD","iso_3166_2",23.685,90.3563,327,7,475,7,327,8349,543351,394,377,10,10
2021-02-22,"Bangladesh","country","BD","iso_3166_2",23.685,90.3563,366,7,692,7,366,8356,543717,382,381,10,9
2021-02-23,"Bangladesh","country","BD","iso_3166_2",23.685,90.3563,399,18,828,18,399,8374,544116,383,382,10,10
2021-02-24,"Bangladesh","country","BD","iso_3166_2",23.685,90.3563,428,5,911,5,428,8379,544544,381,385,9,10
2021-02-25,"Bangladesh","country","BD","iso_3166_2",23.685,90.3563,410,5,957,5,410,8384,544954,383,387,7,9
2021-02-26,"Bangladesh","country","BD","iso_3166_2",23.685,90.3563,470,11,743,11,470,8395,545424,392,389,8,10
2021-02-27,"Bangladesh","country","BD","iso_3166_2",23.685,90.3563,407,5,609,5,407,8400,545831,401,397,8,9
2021-02-28,"Bangladesh","country","BD","iso_3166_2",23.685,90.3563,385,8,817,8,385,8408,546216,409,401,8,9
2021-03-01,"Bangladesh","country","BD","iso_3166_2",23.685,90.3563,585,8,873,8,585,8416,546801,440,411,8,9
2021-03-02,"Bangladesh","country","BD","iso_3166_2",23.685,90.3563,515,7,594,7,515,8423,547316,457,420,7,8
2021-03-03,"Bangladesh","country","BD","iso_3166_2",23.685,90.3563,614,5,1236,5,614,8428,547930,483,432,7,8
2021-03-04,"Bangladesh","country","BD","iso_3166_2",23.685,90.3563,619,7,841,7,619,8435,548549,513,448,7,7
2021-03-05,"Bangladesh","country","BD","iso_3166_2",23.685,90.3563,635,6,676,6,635,8441,549184,537,465,6,7
2021-03-06,"Bangladesh","country","BD","iso_3166_2",23.685,90.3563,540,10,822,10,540,8451,549724,556,478,7,7
2021-03-07,"Bangladesh","country","BD","iso_3166_2",23.685,90.3563,606,11,1037,11,606,8462,550330,587,498,7,8
2021-03-08,"Bangladesh","country","BD","iso_3166_2",23.685,90.3563,845,14,1117,14,845,8476,551175,624,532,8,8
2021-03-09,"Bangladesh","country","BD","iso_3166_2",23.685,90.3563,912,13,1229,13,912,8489,552087,681,569,9,8
2021-03-10,"Bangladesh","country","BD","iso_3166_2",23.685,90.3563,1018,7,1264,7,1018,8496,553105,739,611,9,8
2021-03-11,"Bangladesh","country","BD","iso_3166_2",23.685,90.3563,1051,6,1307,6,1051,8502,554156,801,657,9,8
2021-03-12,"Bangladesh","country","BD","iso_3166_2",23.685,90.3563,1066,13,1252,13,1066,8515,555222,862,699,10,8
2021-03-13,"Bangladesh","country","BD","iso_3166_2",23.685,90.3563,1014,12,1138,12,1014,8527,556236,930,743,10,9
2021-03-14,"Bangladesh","country","BD","iso_3166_2",23.685,90.3563,1159,18,1385,18,1159,8545,557395,1009,798,11,9
2021-03-15,"Bangladesh","country","BD","iso_3166_2",23.685,90.3563,1773,26,1432,26,1773,8571,559168,1141,883,13,11
2021-03-16,"Bangladesh","country","BD","iso_3166_2",23.685,90.3563,1719,26,1352,26,1719,8597,560887,1257,969,15,12
2021-03-17,"Bangladesh","country","BD","iso_3166_2",23.685,90.3563,1865,11,1510,11,1865,8608,562752,1378,1058,16,12
2021-03-18,"Bangladesh","country","BD","iso_3166_2",23.685,90.3563,2187,16,1234,16,2187,8624,564939,1540,1170,17,13
2021-03-19,"Bangladesh","country","BD","iso_3166_2",23.685,90.3563,1899,18,1618,18,1899,8642,566838,1659,1261,18,14
2021-03-20,"Bangladesh","country","BD","iso_3166_2",23.685,90.3563,1868,26,1577,26,1868,8668,568706,1781,1355,20,15
2021-03-21,"Bangladesh","country","BD","iso_3166_2",23.685,90.3563,2172,22,1687,22,2172,8690,570878,1926,1467,20,16
2021-03-22,"Bangladesh","country","BD","iso_3166_2",23.685,90.3563,2809,30,1754,30,2809,8720,573687,2074,1608,21,17
2021-03-23,"Bangladesh","country","BD","iso_3166_2",23.685,90.3563,3554,18,1835,18,3554,8738,577241,2336,1796,20,17
2021-03-24,"Bangladesh","country","BD","iso_3166_2",23.685,90.3563,3567,25,1915,25,3567,8763,580808,2579,1978,22,19
2021-03-25,"Bangladesh","country","BD","iso_3166_2",23.685,90.3563,3587,34,1985,34,3587,8797,584395,2779,2159,24,21
2021-03-26,"Bangladesh","country","BD","iso_3166_2",23.685,90.3563,3737,33,2057,33,3737,8830,588132,3042,2350,26,22
2021-03-27,"Bangladesh","country","BD","iso_3166_2",23.685,90.3563,3674,39,1971,39,3674,8869,591806,3300,2540,28,24
2021-03-28,"Bangladesh","country","BD","iso_3166_2",23.685,90.3563,3908,35,2019,35,3908,8904,595714,3548,2737,30,25
2021-03-29,"Bangladesh","country","BD","iso_3166_2",23.685,90.3563,5181,45,2077,45,5181,8949,600895,3886,2980,32,27
2021-03-30,"Bangladesh","country","BD","iso_3166_2",23.685,90.3563,5042,45,2162,45,5042,8994,605937,4099,3217,36,28
2021-03-31,"Bangladesh","country","BD","iso_3166_2",23.685,90.3563,5358,52,2219,52,5358,9046,611295,4355,3467,40,31
2021-04-01,"Bangladesh","country","BD","iso_3166_2",23.685,90.3563,6469,59,2839,59,6469,9105,617764,4767,3773,44,34
2021-04-02,"Bangladesh","country","BD","iso_3166_2",23.685,90.3563,6830,50,2473,50,6830,9155,624594,5208,4125,46,36
2021-04-03,"Bangladesh","country","BD","iso_3166_2",23.685,90.3563,5683,58,2364,58,5683,9213,630277,5495,4397,49,38
2021-04-04,"Bangladesh","country","BD","iso_3166_2",23.685,90.3563,7087,53,2707,53,7087,9266,637364,5950,4749,51,41
2021-04-05,"Bangladesh","country","BD","iso_3166_2",23.685,90.3563,7075,52,2932,52,7075,9318,644439,6220,5053,52,42
2021-04-06,"Bangladesh","country","BD","iso_3166_2",23.685,90.3563,7213,66,2969,66,7213,9384,651652,6530,5315,55,46
2021-04-07,"Bangladesh","country","BD","iso_3166_2",23.685,90.3563,7626,63,3256,63,7626,9447,659278,6854,5605,57,48
2021-04-08,"Bangladesh","country","BD","iso_3166_2",23.685,90.3563,6854,74,3391,74,6854,9521,666132,6909,5838,59,51
2021-04-09,"Bangladesh","country","BD","iso_3166_2",23.685,90.3563,7462,63,3511,63,7462,9584,673594,7000,6104,61,53
2021-04-10,"Bangladesh","country","BD","iso_3166_2",23.685,90.3563,5343,77,3837,77,5343,9661,678937,6951,6223,64,56
2021-04-11,"Bangladesh","country","BD","iso_3166_2",23.685,90.3563,5819,78,4212,78,5819,9739,684756,6770,6360,67,59
2021-04-12,"Bangladesh","country","BD","iso_3166_2",23.685,90.3563,7201,83,4523,83,7201,9822,691957,6788,6504,72,62
2021-04-13,"Bangladesh","country","BD","iso_3166_2",23.685,90.3563,6028,69,4853,69,6028,9891,697985,6619,6574,72,64
2021-04-14,"Bangladesh","country","BD","iso_3166_2",23.685,90.3563,5185,96,5333,96,5185,9987,703170,6270,6562,77,67
2021-04-15,"Bangladesh","country","BD","iso_3166_2",23.685,90.3563,4192,94,5915,94,4192,10081,707362,5890,6399,80,69
2021-04-16,"Bangladesh","country","BD","iso_3166_2",23.685,90.3563,4417,101,5694,101,4417,10182,711779,5455,6227,85,73
2021-04-17,"Bangladesh","country","BD","iso_3166_2",23.685,90.3563,3473,101,5907,101,3473,10283,715252,5187,6069,88,76
2021-04-18,"Bangladesh","country","BD","iso_3166_2",23.685,90.3563,3698,102,6121,102,3698,10385,718950,4884,5827,92,79
2021-04-19,"Bangladesh","country","BD","iso_3166_2",23.685,90.3563,4271,112,6364,112,4271,10497,723221,4466,5627,96,84
2021-04-20,"Bangladesh","country","BD","iso_3166_2",23.685,90.3563,4559,91,6811,91,4559,10588,727780,4256,5437,99,86
2021-04-21,"Bangladesh","country","BD","iso_3166_2",23.685,90.3563,4280,95,7072,95,4280,10683,732060,4127,5198,99,88
2021-04-22,"Bangladesh","country","BD","iso_3166_2",23.685,90.3563,4014,98,7266,98,4014,10781,736074,4101,4995,100,90
2021-04-23,"Bangladesh","country","BD","iso_3166_2",23.685,90.3563,3629,88,5225,88,3629,10869,739703,3989,4722,98,91
2021-04-24,"Bangladesh","country","BD","iso_3166_2",23.685,90.3563,2697,83,5477,83,2697,10952,742400,3878,4533,95,92
2021-04-25,"Bangladesh","country","BD","iso_3166_2",23.685,90.3563,2922,101,4301,101,2922,11053,745322,3767,4326,95,93
2021-04-26,"Bangladesh","country","BD","iso_3166_2",23.685,90.3563,3306,97,4241,97,3306,11150,748628,3629,4047,93,94
2021-04-27,"Bangladesh","country","BD","iso_3166_2",23.685,90.3563,3031,78,5234,78,3031,11228,751659,3411,3833,91,95
2021-04-28,"Bangladesh","country","BD","iso_3166_2",23.685,90.3563,2955,77,5392,77,2955,11305,754614,3222,3674,88,94
2021-04-29,"Bangladesh","country","BD","iso_3166_2",23.685,90.3563,2341,88,4782,88,2341,11393,756955,2983,3542,87,93
2021-04-30,"Bangladesh","country","BD","iso_3166_2",23.685,90.3563,2177,57,4325,57,2177,11450,759132,2775,3382,83,90
2021-05-01,"Bangladesh","country","BD","iso_3166_2",23.685,90.3563,1452,60,3245,60,1452,11510,760584,2597,3238,79,87
2021-05-02,"Bangladesh","country","BD","iso_3166_2",23.685,90.3563,1359,69,2657,69,1359,11579,761943,2374,3070,75,85
2021-05-03,"Bangladesh","country","BD","iso_3166_2",23.685,90.3563,1739,65,3834,65,1739,11644,763682,2150,2890,70,81
2021-05-04,"Bangladesh","country","BD","iso_3166_2",23.685,90.3563,1914,61,3870,61,1914,11705,765596,1991,2701,68,79
2021-05-05,"Bangladesh","country","BD","iso_3166_2",23.685,90.3563,1742,50,3433,50,1742,11755,767338,1817,2519,64,76
2021-05-06,"Bangladesh","country","BD","iso_3166_2",23.685,90.3563,1822,41,3698,41,1822,11796,769160,1743,2363,57,72
2021-05-07,"Bangladesh","country","BD","iso_3166_2",23.685,90.3563,1682,37,2178,37,1682,11833,770842,1672,2224,54,68
2021-05-08,"Bangladesh","country","BD","iso_3166_2",23.685,90.3563,1285,45,2492,45,1285,11878,772127,1649,2123,52,66
2021-05-09,"Bangladesh","country","BD","iso_3166_2",23.685,90.3563,1386,56,3329,56,1386,11934,773513,1652,2013,50,62
2021-05-10,"Bangladesh","country","BD","iso_3166_2",23.685,90.3563,1514,38,2115,38,1514,11972,775027,1620,1885,46,58
2021-05-11,"Bangladesh","country","BD","iso_3166_2",23.685,90.3563,1230,33,3044,33,1230,12005,776257,1523,1757,42,55
2021-05-12,"Bangladesh","country","BD","iso_3166_2",23.685,90.3563,1140,40,2928,40,1140,12045,777397,1437,1627,41,52
2021-05-13,"Bangladesh","country","BD","iso_3166_2",23.685,90.3563,1290,31,1370,31,1290,12076,778687,1361,1552,40,48
2021-05-14,"Bangladesh","country","BD","iso_3166_2",23.685,90.3563,848,26,852,26,848,12102,779535,1241,1457,38,46
2021-05-15,"Bangladesh","country","BD","iso_3166_2",23.685,90.3563,261,22,964,22,261,12124,779796,1095,1372,35,43
2021-05-16,"Bangladesh","country","BD","iso_3166_2",23.685,90.3563,363,25,601,25,363,12149,780159,949,1301,30,40
2021-05-17,"Bangladesh","country","BD","iso_3166_2",23.685,90.3563,698,32,1058,32,698,12181,780857,832,1226,29,38
2021-05-18,"Bangladesh","country","BD","iso_3166_2",23.685,90.3563,1272,30,1115,30,1272,12211,782129,838,1180,29,36
2021-05-19,"Bangladesh","country","BD","iso_3166_2",23.685,90.3563,1608,37,1923,37,1608,12248,783737,905,1171,29,35
2021-05-20,"Bangladesh","country","BD","iso_3166_2",23.685,90.3563,1457,36,1378,36,1457,12284,785194,929,1145,29,34
2021-05-21,"Bangladesh","country","BD","iso_3166_2",23.685,90.3563,1504,26,1529,26,1504,12310,786698,1023,1132,29,34
2021-05-22,"Bangladesh","country","BD","iso_3166_2",23.685,90.3563,1028,38,759,38,1028,12348,787726,1132,1114,32,33
2021-05-23,"Bangladesh","country","BD","iso_3166_2",23.685,90.3563,1354,28,899,28,1354,12376,789080,1274,1111,32,31
2021-05-24,"Bangladesh","country","BD","iso_3166_2",23.685,90.3563,1441,25,834,25,1441,12401,790521,1380,1106,31,30
2021-05-25,"Bangladesh","country","BD","iso_3166_2",23.685,90.3563,1675,40,1279,40,1675,12441,792196,1438,1138,32,31
2021-05-26,"Bangladesh","country","BD","iso_3166_2",23.685,90.3563,1497,17,1056,17,1497,12458,793693,1422,1164,30,29
2021-05-27,"Bangladesh","country","BD","iso_3166_2",23.685,90.3563,1292,22,1291,22,1292,12480,794985,1398,1164,28,28
2021-05-28,"Bangladesh","country","BD","iso_3166_2",23.685,90.3563,1358,31,1064,31,1358,12511,796343,1377,1200,28,29
2021-05-29,"Bangladesh","country","BD","iso_3166_2",23.685,90.3563,1043,38,1187,38,1043,12549,797386,1380,1256,28,30
2021-05-30,"Bangladesh","country","BD","iso_3166_2",23.685,90.3563,1444,34,1397,34,1444,12583,798830,1392,1333,29,31
2021-05-31,"Bangladesh","country","BD","iso_3166_2",23.685,90.3563,1710,36,1567,36,1710,12619,800540,1431,1405,31,31
2021-06-01,"Bangladesh","country","BD","iso_3166_2",23.685,90.3563,1765,41,1779,41,1765,12660,802305,1444,1441,31,32
2021-06-02,"Bangladesh","country","BD","iso_3166_2",23.685,90.3563,1988,34,1914,34,1988,12694,804293,1514,1468,33,31
2021-06-03,"Bangladesh","country","BD","iso_3166_2",23.685,90.3563,1687,30,1970,30,1687,12724,805980,1570,1484,34,31
2021-06-04,"Bangladesh","country","BD","iso_3166_2",23.685,90.3563,1887,34,1723,34,1887,12758,807867,1646,1512,35,32
2021-06-05,"Bangladesh","country","BD","iso_3166_2",23.685,90.3563,1447,43,1667,43,1447,12801,809314,1704,1542,36,32
2021-06-06,"Bangladesh","country","BD","iso_3166_2",23.685,90.3563,1676,38,1897,38,1676,12839,810990,1737,1565,36,33
2021-06-07,"Bangladesh","country","BD","iso_3166_2",23.685,90.3563,1970,30,1918,30,1970,12869,812960,1774,1602,35,33
2021-06-08,"Bangladesh","country","BD","iso_3166_2",23.685,90.3563,2322,44,2062,44,2322,12913,815282,1853,1649,36,33
2021-06-09,"Bangladesh","country","BD","iso_3166_2",23.685,90.3563,2537,36,2267,36,2537,12949,817819,1932,1723,36,35
2021-06-10,"Bangladesh","country","BD","iso_3166_2",23.685,90.3563,2576,40,2061,40,2576,12989,820395,2059,1815,37,36
2021-06-11,"Bangladesh","country","BD","iso_3166_2",23.685,90.3563,2454,43,2286,43,2454,13032,822849,2140,1893,39,37
2021-06-12,"Bangladesh","country","BD","iso_3166_2",23.685,90.3563,1637,39,2108,39,1637,13071,824486,2167,1935,38,37
2021-06-13,"Bangladesh","country","BD","iso_3166_2",23.685,90.3563,2436,47,2242,47,2436,13118,826922,2276,2006,39,38
2021-06-14,"Bangladesh","country","BD","iso_3166_2",23.685,90.3563,3050,54,2564,54,3050,13172,829972,2430,2102,43,39
2021-06-15,"Bangladesh","country","BD","iso_3166_2",23.685,90.3563,3319,50,2243,50,3319,13222,833291,2572,2213,44,40
2021-06-16,"Bangladesh","country","BD","iso_3166_2",23.685,90.3563,3956,60,2679,60,3956,13282,837247,2775,2353,47,42
2021-06-17,"Bangladesh","country","BD","iso_3166_2",23.685,90.3563,3840,63,2714,63,3840,13345,841087,2956,2507,50,44
2021-06-18,"Bangladesh","country","BD","iso_3166_2",23.685,90.3563,3883,54,1955,54,3883,13399,844970,3160,2650,52,45
2021-06-19,"Bangladesh","country","BD","iso_3166_2",23.685,90.3563,3057,67,1725,67,3057,13466,848027,3363,2765,56,47
2021-06-20,"Bangladesh","country","BD","iso_3166_2",23.685,90.3563,3641,82,2509,82,3641,13548,851668,3535,2905,61,50
2021-06-21,"Bangladesh","country","BD","iso_3166_2",23.685,90.3563,4636,78,2827,78,4636,13626,856304,3761,3096,64,54
2021-06-22,"Bangladesh","country","BD","iso_3166_2",23.685,90.3563,4846,76,2903,76,4846,13702,861150,3979,3276,68,56
2021-06-23,"Bangladesh","country","BD","iso_3166_2",23.685,90.3563,5727,85,3168,85,5727,13787,866877,4232,3504,72,59
2021-06-24,"Bangladesh","country","BD","iso_3166_2",23.685,90.3563,6058,81,3230,81,6058,13868,872935,4549,3752,74,62
2021-06-25,"Bangladesh","country","BD","iso_3166_2",23.685,90.3563,5869,108,2776,108,5869,13976,878804,4833,3996,82,67
2021-06-26,"Bangladesh","country","BD","iso_3166_2",23.685,90.3563,4334,77,3295,77,4334,14053,883138,5015,4189,83,70
2021-06-27,"Bangladesh","country","BD","iso_3166_2",23.685,90.3563,5268,119,3249,119,5268,14172,888406,5248,4391,89,75
2021-06-28,"Bangladesh","country","BD","iso_3166_2",23.685,90.3563,8364,104,3570,104,8364,14276,896770,5780,4771,92,78
2021-06-29,"Bangladesh","country","BD","iso_3166_2",23.685,90.3563,7666,112,4027,112,7666,14388,904436,6183,5081,98,83
2021-06-30,"Bangladesh","country","BD","iso_3166_2",23.685,90.3563,8822,115,4550,115,8822,14503,913258,6625,5429,102,87
2021-07-01,"Bangladesh","country","BD","iso_3166_2",23.685,90.3563,8301,143,4663,143,8301,14646,921559,6946,5748,111,92
2021-07-02,"Bangladesh","country","BD","iso_3166_2",23.685,90.3563,8483,132,4509,132,8483,14778,930042,7319,6076,114,98
2021-07-03,"Bangladesh","country","BD","iso_3166_2",23.685,90.3563,6214,134,3777,134,6214,14912,936256,7588,6302,122,103
2021-07-04,"Bangladesh","country","BD","iso_3166_2",23.685,90.3563,8661,153,4698,153,8661,15065,944917,8073,6660,127,108
2021-07-05,"Bangladesh","country","BD","iso_3166_2",23.685,90.3563,9964,164,5185,164,9964,15229,954881,8301,7041,136,114
2021-07-06,"Bangladesh","country","BD","iso_3166_2",23.685,90.3563,11525,163,5433,163,11525,15392,966406,8852,7518,143,120
2021-07-07,"Bangladesh","country","BD","iso_3166_2",23.685,90.3563,11162,201,5987,201,11162,15593,977568,9187,7906,155,129
2021-07-08,"Bangladesh","country","BD","iso_3166_2",23.685,90.3563,11651,199,5844,199,11651,15792,989219,9665,8306,163,137
2021-07-09,"Bangladesh","country","BD","iso_3166_2",23.685,90.3563,11324,212,6038,212,11324,16004,1000543,10071,8695,175,144
2021-07-10,"Bangladesh","country","BD","iso_3166_2",23.685,90.3563,8772,185,5755,185,8772,16189,1009315,10437,9012,182,152
2021-07-11,"Bangladesh","country","BD","iso_3166_2",23.685,90.3563,11874,230,6362,230,11874,16419,1021189,10896,9484,193,160
2021-07-12,"Bangladesh","country","BD","iso_3166_2",23.685,90.3563,13768,220,7020,220,13768,16639,1034957,11439,9870,201,168
2021-07-13,"Bangladesh","country","BD","iso_3166_2",23.685,90.3563,12198,203,7646,203,12198,16842,1047155,11535,10194,207,175
2021-07-14,"Bangladesh","country","BD","iso_3166_2",23.685,90.3563,12383,210,8245,210,12383,17052,1059538,11710,10448,208,182
2021-07-15,"Bangladesh","country","BD","iso_3166_2",23.685,90.3563,12236,226,8395,226,12236,17278,1071774,11793,10729,212,188
2021-07-16,"Bangladesh","country","BD","iso_3166_2",23.685,90.3563,12148,187,8536,187,12148,17465,1083922,11911,10991,208,191
